{"cameraMode":{"drawMode":0,"name":"Shaded","section":"Shading Mode"},"sceneLighting":true,"audioPlay":false,"sceneViewState":{"m_AlwaysRefresh":false,"showFog":true,"showSkybox":true,"showFlares":true,"showImageEffects":true,"showParticleSystems":true,"showVisualEffectGraphs":true,"m_FxEnabled":true},"in2DMode":false,"pivot":{"x":8.606148719787598,"y":1.8956774473190308,"z":45.59272384643555},"rotation":{"x":-0.053380515426397327,"y":-0.14745180308818818,"z":0.007969972677528859,"w":-0.9876077175140381},"size":14.37086009979248,"orthographic":false}